Abdominal aortic aneurysm,E-GEOD-57691,Array Data
,E-MTAB-3175,Array Data
,E-GEOD-63541,Array Data
,E-GEOD-62179,Array Data
,E-GEOD-47472,Array Data
,E-MEXP-1346,Array Data
,
Acanthosis nigricans,E-GEOD-9006,Array Data

Achondroplasia,E-MEXP-2276,Array Data

Acinic cell carcinoma,E-TABM-48,Array Data

Acoustic neuroma,E-GEOD-54934,Array Data
,E-GEOD-43571,Array Data
,E-GEOD-47913,Array Data,SuperSeries
,E-GEOD-47911,Array Data
,E-GEOD-39645,Array Data
,E-MEXP-2766,Array Data
,E-GEOD-24390,Array Data
,E-MTAB-62,Array Data
,E-MTAB-15,Array Data
,E-TABM-185,Array Data
,E-MEXP-353,Array Data
,
Acral lentiginous melanoma,E-GEOD-62837,Array Data

Acrodermatitis,E-GEOD-31740,Array Data

Acrokeratoelastoidosis of Costa,E-GEOD-39162,Seq Data
E-GEOD-55822,Array Data
,E-GEOD-29066,Array Data,SuperSeries
,E-GEOD-25307,Array Data
,E-GEOD-29016,Array Data
,E-GEOD-36335,Array Data
,E-GEOD-24697,Array Data
,E-GEOD-22133,Array Data
,E-GEOD-22154,Array Data
,E-GEOD-22153,Array Data
,E-GEOD-22155,Array Data,SuperSeries
,E-GEOD-18328,Array Data
,
Acromegaly,E-GEOD-57803,Seq Data
E-GEOD-6351,Array Data

ACTH-independent macronodular adrenal hyperplasia,E-GEOD-25031,Array Data
,E-GEOD-4060,Array Data
,
Acute erythroleukemia,E-TABM-185,Array Data
,E-GEOD-1729,Array Data
,
Acute lymphoblastic leukemia,E-GEOD-71414,Seq Data
,E-GEOD-64713,Seq Data
,E-GEOD-66014,Seq Data
,E-MTAB-2706,Seq Data
,E-GEOD-53665,Seq Data
,E-GEOD-62006,Seq Data,SuperSeries
,E-GEOD-56691,Seq Data
,E-GEOD-56689,Seq Data
,E-GEOD-57982,Seq Data
,E-GEOD-59810,Seq Data
,E-GEOD-56887,Seq Data
,E-GEOD-57480,Seq Data
,E-GEOD-54380,Seq Data,SuperSeries
,E-GEOD-43022,Seq Data,SuperSeries
,E-GEOD-49601,Seq Data
,E-GEOD-51522,Seq Data
,E-GEOD-45137,Seq Data,SuperSeries
,E-GEOD-45133,Seq Data
,E-GEOD-29181,Seq Data,SuperSeries
,E-GEOD-26878,Seq Data,SuperSeries
,E-GEOD-26530,Seq Data
,E-GEOD-63335,Array Data
,E-GEOD-56488,Array Data
,E-GEOD-70629,Array Data
,E-GEOD-62143,Array Data
,E-GEOD-62141,Array Data
,E-GEOD-62140,Array Data
,E-GEOD-62139,Array Data
,E-GEOD-62135,Array Data
,E-GEOD-62131,Array Data
,E-MTAB-3732,Array Data
,E-GEOD-71212,Array Data
,E-GEOD-67684,Array Data
,E-GEOD-68950,Array Data
,E-GEOD-68936,Array Data
,E-GEOD-68790,Array Data
,E-GEOD-68735,Array Data
,E-GEOD-68720,Array Data
,E-GEOD-68635,Array Data,SuperSeries
,E-GEOD-68612,Array Data
,E-GEOD-65872,Array Data
,E-GEOD-68413,Array Data
,E-GEOD-66792,Array Data
,E-GEOD-63988,Array Data
,E-GEOD-65646,Array Data
,E-GEOD-65645,Array Data
,E-GEOD-43021,Array Data
,E-GEOD-51895,Array Data
,E-GEOD-42040,Array Data,SuperSeries
,E-GEOD-42038,Array Data
,E-GEOD-42001,Array Data
,E-GEOD-62006,Array Data,SuperSeries
,E-GEOD-61873,Array Data
,E-GEOD-61871,Array Data
,E-GEOD-61870,Array Data
,E-GEOD-61869,Array Data
,E-GEOD-61866,Array Data
,E-GEOD-61863,Array Data
,E-GEOD-62156,Array Data
,E-GEOD-53046,Array Data
,E-GEOD-52991,Array Data
,E-GEOD-58565,Array Data
,E-GEOD-59199,Array Data
,E-GEOD-50624,Array Data
,E-GEOD-55851,Array Data
,E-GEOD-55533,Array Data
,E-GEOD-57633,Array Data,SuperSeries
,E-GEOD-57491,Array Data
,E-GEOD-57083,Array Data
,E-GEOD-56273,Array Data
,E-GEOD-28626,Array Data
,E-GEOD-56489,Array Data
,E-GEOD-54380,Array Data,SuperSeries
,E-GEOD-54378,Array Data
,E-MTAB-1798,Array Data
,E-GEOD-43022,Array Data,SuperSeries
,E-GEOD-36372,Array Data
,E-GEOD-43209,Array Data
,E-GEOD-53651,Array Data
,E-GEOD-48680,Array Data
,E-MTAB-1349,Array Data
,E-MTAB-1833,Array Data
,E-GEOD-39816,Array Data
,E-GEOD-50736,Array Data,SuperSeries
,E-GEOD-50734,Array Data
,E-MEXP-3916,Array Data
,E-GEOD-41062,Array Data
,E-GEOD-49032,Array Data,SuperSeries
,E-GEOD-47051,Array Data
,E-GEOD-48063,Array Data
,E-GEOD-42328,Array Data
,E-GEOD-48876,Array Data
,E-GEOD-42765,Array Data
,E-GEOD-48433,Array Data
,E-GEOD-42080,Array Data,SuperSeries
,E-GEOD-41621,Array Data
,E-GEOD-48046,Array Data
,E-GEOD-46957,Array Data
,E-GEOD-40103,Array Data
,E-GEOD-45137,Array Data,SuperSeries
,E-GEOD-32215,Array Data
,E-GEOD-38021,Array Data
,E-GEOD-46928,Array Data
,E-MTAB-1459,Array Data
,E-GEOD-46170,Array Data
,E-GEOD-41796,Array Data
,E-GEOD-45460,Array Data
,E-GEOD-44652,Array Data
,E-SMDB-25,Array Data
,E-GEOD-27237,Array Data
,E-MTAB-1075,Array Data
,E-GEOD-43017,Array Data
,E-GEOD-40635,Array Data
,E-GEOD-32523,Array Data
,E-GEOD-26281,Array Data
,E-GEOD-42620,Array Data
,E-GEOD-40514,Array Data,SuperSeries
,E-GEOD-40512,Array Data
,E-GEOD-40639,Array Data
,E-GEOD-39339,Array Data,SuperSeries
,E-GEOD-39338,Array Data
,E-GEOD-39335,Array Data
,E-GEOD-29181,Array Data,SuperSeries
,E-GEOD-29179,Array Data
,E-GEOD-39995,Array Data
,E-GEOD-33967,Array Data
,E-GEOD-38971,Array Data
,E-MTAB-1074,Array Data
,E-MTAB-1216,Array Data
,E-MTAB-1208,Array Data
,E-MTAB-1205,Array Data
,E-GEOD-34670,Array Data
,E-GEOD-34880,Array Data
,E-GEOD-29986,Array Data
,E-GEOD-35993,Array Data
,E-GEOD-36149,Array Data
,E-GEOD-26807,Array Data,SuperSeries
,E-GEOD-26792,Array Data
,E-GEOD-26790,Array Data
,E-GEOD-26789,Array Data
,E-GEOD-35504,Array Data
,E-GEOD-36139,Array Data,SuperSeries
,E-GEOD-36133,Array Data
,E-GEOD-33615,Array Data
,E-GEOD-31629,Array Data
,E-GEOD-33315,Array Data
,E-GEOD-34522,Array Data
,E-GEOD-26878,Array Data,SuperSeries
,E-GEOD-26865,Array Data
,E-GEOD-26366,Array Data
,E-GEOD-25965,Array Data
,E-GEOD-30392,Array Data
,E-GEOD-30599,Array Data
,E-GEOD-33892,Array Data
,E-GEOD-33820,Array Data
,E-GEOD-28703,Array Data
,E-GEOD-33562,Array Data
,E-GEOD-33550,Array Data,SuperSeries
,E-GEOD-33540,Array Data
,E-GEOD-33539,Array Data
,E-GEOD-33469,Array Data
,E-GEOD-33358,Array Data
,E-GEOD-29639,Array Data
,E-MEXP-2964,Array Data
,E-GEOD-32962,Array Data
,E-GEOD-28460,Array Data
,E-GEOD-28462,Array Data,SuperSeries
,E-GEOD-29959,Array Data
,E-GEOD-20910,Array Data
,E-GEOD-29544,Array Data
,E-GEOD-29869,Array Data
,E-GEOD-20667,Array Data
,E-GEOD-28497,Array Data
,E-GEOD-26713,Array Data
,E-MEXP-2687,Array Data
,E-MTAB-604,Array Data
,E-GEOD-27989,Array Data
,E-GEOD-24381,Array Data
,E-GEOD-24426,Array Data,SuperSeries
,E-GEOD-22779,Array Data
,E-GEOD-22152,Array Data
,E-MTAB-327,Array Data
,E-GEOD-23430,Array Data
,E-GEOD-23113,Array Data
,E-GEOD-20011,Array Data
,E-GEOD-15621,Array Data
,E-GEOD-24001,Array Data,SuperSeries
,E-GEOD-23743,Array Data
,E-GEOD-23536,Array Data
,E-MTAB-62,Array Data
,E-GEOD-21499,Array Data
,E-GEOD-18027,Array Data
,E-GEOD-8416,Array Data
,E-MEXP-2197,Array Data
,E-GEOD-18516,Array Data
,E-MEXP-2648,Array Data
,E-GEOD-96,Array Data
,E-GEOD-19160,Array Data
,E-GEOD-18497,Array Data
,E-GEOD-19069,Array Data
,E-GEOD-19080,Array Data
,E-GEOD-17459,Array Data
,E-GEOD-19475,Array Data
,E-GEOD-19143,Array Data
,E-GEOD-16936,Array Data
,E-GEOD-18198,Array Data
,E-GEOD-19090,Array Data
,E-MEXP-2047,Array Data
,E-GEOD-18239,Array Data
,E-GEOD-13159,Array Data
,E-GEOD-17703,Array Data
,E-GEOD-17195,Array Data
,E-MEXP-2179,Array Data
,E-MEXP-2177,Array Data
,E-MEXP-2176,Array Data
,E-GEOD-11877,Array Data
,E-GEOD-12287,Array Data
,E-GEOD-5820,Array Data
,E-GEOD-14615,Array Data
,E-GEOD-14613,Array Data
,E-GEOD-14317,Array Data
,E-GEOD-14618,Array Data,SuperSeries
,E-GEOD-13351,Array Data
,E-GEOD-13425,Array Data
,E-GEOD-11336,Array Data
,E-GEOD-14479,Array Data
,E-GEOD-7067,Array Data
,E-GEOD-12868,Array Data
,E-GEOD-13280,Array Data
,E-GEOD-7757,Array Data
,E-GEOD-5824,Array Data,SuperSeries
,E-GEOD-12995,Array Data
,E-GEOD-8879,Array Data
,E-GEOD-5716,Array Data
,E-MTAB-37,Array Data
,E-GEOD-10841,Array Data
,E-GEOD-9170,Array Data
,E-GEOD-7604,Array Data
,E-GEOD-7599,Array Data
,E-GEOD-7440,Array Data
,E-GEOD-7182,Array Data
,E-GEOD-660,Array Data
,E-GEOD-659,Array Data
,E-GEOD-658,Array Data
,E-GEOD-657,Array Data
,E-GEOD-655,Array Data
,E-GEOD-653,Array Data
,E-GEOD-650,Array Data
,E-GEOD-635,Array Data
,E-GEOD-6495,Array Data
,E-GEOD-6379,Array Data
,E-GEOD-6034,Array Data
,E-GEOD-5827,Array Data
,E-GEOD-5822,Array Data
,E-GEOD-5821,Array Data
,E-GEOD-5682,Array Data
,E-GEOD-656,Array Data
,E-GEOD-654,Array Data
,E-GEOD-651,Array Data
,E-GEOD-649,Array Data
,E-GEOD-648,Array Data
,E-GEOD-647,Array Data
,E-GEOD-646,Array Data
,E-GEOD-645,Array Data
,E-GEOD-643,Array Data
,E-GEOD-4698,Array Data
,E-GEOD-3911,Array Data
,E-GEOD-3912,Array Data,SuperSeries
,E-GEOD-3910,Array Data
,E-GEOD-2842,Array Data
,E-GEOD-2677,Array Data
,E-GEOD-2351,Array Data
,E-GEOD-1466,Array Data
,E-GEOD-10609,Array Data
,E-GEOD-10255,Array Data
,E-GEOD-10820,Array Data
,E-TABM-255,Array Data
,E-MEXP-1522,Array Data
,E-MEXP-1403,Array Data
,E-GEOD-412,Array Data
,E-TABM-185,Array Data
,E-GEOD-5681,Array Data
,E-GEOD-9342,Array Data
,E-GEOD-2117,Array Data
,E-GEOD-1880,Array Data
,E-GEOD-1577,Array Data
,E-GEOD-5314,Array Data
,E-SMDB-3750,Array Data
,E-TABM-125,Array Data
,E-MEXP-549,Array Data
,E-GEOD-4057,Array Data
,E-SMDB-2978,Array Data
,E-SMDB-2821,Array Data
,E-SMDB-2820,Array Data
,E-SMDB-2922,Array Data
,E-SMDB-2907,Array Data
,E-MEXP-467,Array Data
,E-SMDB-27,Array Data
,E-MEXP-313,Array Data
,E-SMDB-26,Array Data
,E-MEXP-122,Array Data
,E-MEXP-120,Array Data
,
Acute megakaryoblastic leukemia,E-GEOD-61933,Seq Data,SuperSeries
,E-MTAB-1370,Seq Data
,E-MTAB-3732,Array Data
,E-GEOD-61933,Array Data,SuperSeries
,E-GEOD-56335,Array Data
,E-GEOD-42879,Array Data
,E-MTAB-1452,Array Data
,E-GEOD-35203,Array Data,SuperSeries
,E-GEOD-35202,Array Data
,E-GEOD-35201,Array Data
,E-GEOD-32388,Array Data
,E-MTAB-62,Array Data
,E-GEOD-16677,Array Data
,E-GEOD-19090,Array Data
,E-GEOD-4119,Array Data
,E-TABM-185,Array Data
,E-MEXP-72,Array Data
,
Acute monoblastic leukemia,E-GEOD-48059,Seq Data
E-GEOD-71671,Array Data
,E-MTAB-3732,Array Data
,E-GEOD-67924,Array Data,SuperSeries
,E-GEOD-67923,Array Data
,E-GEOD-67920,Array Data
,E-GEOD-59471,Array Data
,E-GEOD-42069,Array Data,SuperSeries
,E-GEOD-42068,Array Data
,E-GEOD-37634,Array Data
,E-GEOD-38027,Array Data
,E-GEOD-37659,Array Data
,E-GEOD-33500,Array Data
,E-GEOD-33358,Array Data
,E-GEOD-27244,Array Data,SuperSeries
,E-GEOD-27187,Array Data
,E-GEOD-16193,Array Data
,E-GEOD-20508,Array Data
,E-GEOD-4425,Array Data
,
Acute myeloblastic leukemia with maturation,E-MTAB-3732,Array Data
,E-GEOD-12662,Array Data
,E-TABM-429,Array Data
,
Acute myeloblastic leukemia without maturation,E-GEOD-68950,Array Data
,E-GEOD-43176,Array Data
,E-GEOD-40871,Array Data,SuperSeries
,E-GEOD-12662,Array Data
,E-TABM-429,Array Data
,
Acute myelocytic leukemia,E-GEOD-63782,Seq Data
,E-GEOD-71691,Seq Data
,E-GEOD-71414,Seq Data
,E-GEOD-67040,Seq Data,SuperSeries
,E-GEOD-67039,Seq Data
,E-GEOD-66917,Seq Data
,E-GEOD-62190,Seq Data
,E-GEOD-60477,Seq Data
,E-GEOD-65235,Seq Data
,E-GEOD-68925,Seq Data
,E-GEOD-61933,Seq Data,SuperSeries
,E-MTAB-1443,Seq Data
,E-GEOD-53665,Seq Data
,E-GEOD-60131,Seq Data,SuperSeries
,E-GEOD-54478,Seq Data
,E-GEOD-48059,Seq Data
,E-MTAB-2225,Seq Data
,E-GEOD-52656,Seq Data
,E-GEOD-46561,Seq Data
,E-GEOD-43022,Seq Data,SuperSeries
,E-GEOD-46718,Seq Data
,E-GEOD-40199,Seq Data
,E-GEOD-49642,Seq Data
,E-GEOD-46164,Seq Data
,E-GEOD-46044,Seq Data
,E-GEOD-45748,Seq Data,SuperSeries
,E-GEOD-45853,Seq Data,SuperSeries
,E-GEOD-43834,Seq Data
,E-GEOD-43069,Seq Data,SuperSeries
,E-GEOD-36866,Seq Data
,E-MTAB-1370,Seq Data
,E-GEOD-23730,Seq Data
,E-GEOD-37061,Seq Data
,E-GEOD-37022,Seq Data,SuperSeries
,E-GEOD-29225,Seq Data,SuperSeries
,E-GEOD-34726,Seq Data,SuperSeries
,E-GEOD-10358,Seq Data
,E-GEOD-72152,Array Data
,E-GEOD-66256,Array Data,SuperSeries
,E-GEOD-66254,Array Data
,E-GEOD-72415,Array Data
,E-MTAB-3570,Array Data
,E-GEOD-71671,Array Data
,E-GEOD-71459,Array Data
,E-GEOD-50928,Array Data
,E-GEOD-34885,Array Data
,E-MTAB-3732,Array Data
,E-GEOD-71220,Array Data
,E-GEOD-67936,Array Data
,E-GEOD-67924,Array Data,SuperSeries
,E-GEOD-67923,Array Data
,E-GEOD-67920,Array Data
,E-GEOD-70791,Array Data
,E-GEOD-64873,Array Data
,E-MTAB-1482,Array Data
,E-GEOD-70284,Array Data
,E-GEOD-68954,Array Data
,E-GEOD-68950,Array Data
,E-GEOD-68928,Array Data
,E-GEOD-52891,Array Data
,E-GEOD-68172,Array Data
,E-GEOD-67817,Array Data
,E-GEOD-63059,Array Data
,E-GEOD-66660,Array Data
,E-GEOD-66525,Array Data
,E-GEOD-54218,Array Data
,E-GEOD-45249,Array Data
,E-GEOD-61933,Array Data,SuperSeries
,E-GEOD-43021,Array Data
,E-MTAB-2837,Array Data
,E-GEOD-37374,Array Data
,E-MTAB-3196,Array Data
,E-MTAB-1393,Array Data
,E-GEOD-21337,Array Data
,E-MTAB-1443,Array Data
,E-GEOD-63614,Array Data
,E-GEOD-49344,Array Data
,E-GEOD-58613,Array Data
,E-GEOD-62223,Array Data
,E-GEOD-59471,Array Data
,E-GEOD-61804,Array Data
,E-GEOD-58743,Array Data
,E-GEOD-60649,Array Data
,E-GEOD-60350,Array Data
,E-GEOD-56739,Array Data
,E-GEOD-59808,Array Data
,E-GEOD-54295,Array Data
,E-GEOD-49578,Array Data
,E-MTAB-2382,Array Data
,E-GEOD-54646,Array Data,SuperSeries
,E-GEOD-54645,Array Data
,E-GEOD-45452,Array Data
,E-GEOD-57347,Array Data
,E-GEOD-57194,Array Data
,E-GEOD-55519,Array Data
,E-GEOD-55772,Array Data
,E-GEOD-49516,Array Data
,E-GEOD-57083,Array Data
,E-GEOD-56335,Array Data
,E-GEOD-55025,Array Data
,E-GEOD-54918,Array Data
,E-GEOD-51402,Array Data
,E-GEOD-36592,Array Data
,E-GEOD-52152,Array Data,SuperSeries
,E-GEOD-52150,Array Data
,E-GEOD-43022,Array Data,SuperSeries
,E-GEOD-54484,Array Data
,E-GEOD-54065,Array Data
,E-GEOD-51950,Array Data
,E-GEOD-49897,Array Data
,E-GEOD-48523,Array Data
,E-GEOD-43455,Array Data
,E-GEOD-42519,Array Data
,E-GEOD-53448,Array Data
,E-MTAB-2130,Array Data
,E-GEOD-44828,Array Data
,E-GEOD-33537,Array Data
,E-GEOD-39073,Array Data
,E-GEOD-52478,Array Data
,E-GEOD-51907,Array Data
,E-GEOD-51908,Array Data
,E-GEOD-50092,Array Data
,E-GEOD-35320,Array Data
,E-GEOD-50048,Array Data
,E-GEOD-45743,Array Data
,E-GEOD-45748,Array Data,SuperSeries
,E-GEOD-49665,Array Data
,E-GEOD-42031,Array Data
,E-GEOD-42030,Array Data
,E-GEOD-45853,Array Data,SuperSeries
,E-GEOD-47684,Array Data,SuperSeries
,E-GEOD-48558,Array Data
,E-GEOD-42765,Array Data
,E-GEOD-43176,Array Data
,E-MEXP-3647,Array Data
,E-GEOD-48433,Array Data
,E-GEOD-42879,Array Data
,E-MTAB-1452,Array Data
,E-MTAB-1169,Array Data
,E-MTAB-1459,Array Data
,E-GEOD-46302,Array Data
,E-GEOD-42064,Array Data
,E-GEOD-38865,Array Data
,E-GEOD-43069,Array Data,SuperSeries
,E-GEOD-43068,Array Data
,E-GEOD-35784,Array Data
,E-GEOD-43258,Array Data
,E-GEOD-44857,Array Data
,E-GEOD-37642,Array Data
,E-GEOD-42261,Array Data,SuperSeries
,E-GEOD-42259,Array Data
,E-MTAB-1356,Array Data,SuperSeries
,E-GEOD-40147,Array Data
,E-GEOD-35000,Array Data
,E-GEOD-42140,Array Data
,E-MEXP-3752,Array Data
,E-GEOD-37361,Array Data
,E-MTAB-1075,Array Data
,E-GEOD-37231,Array Data
,E-GEOD-30819,Array Data
,E-GEOD-40871,Array Data,SuperSeries
,E-GEOD-40442,Array Data
,E-GEOD-42069,Array Data,SuperSeries
,E-GEOD-42068,Array Data
,E-MEXP-3737,Array Data
,E-GEOD-34733,Array Data
,E-GEOD-25300,Array Data
,E-GEOD-35203,Array Data,SuperSeries
,E-GEOD-35202,Array Data
,E-GEOD-35201,Array Data
,E-MTAB-1320,Array Data
,E-GEOD-37634,Array Data
,E-GEOD-16238,Array Data
,E-GEOD-38987,Array Data
,E-GEOD-32240,Array Data
,E-GEOD-35010,Array Data
,E-GEOD-35008,Array Data
,E-GEOD-31126,Array Data
,E-GEOD-39730,Array Data
,E-MTAB-1074,Array Data
,E-GEOD-32933,Array Data
,E-GEOD-38798,Array Data
,E-GEOD-38519,Array Data
,E-GEOD-33223,Array Data
,E-TABM-1167,Array Data
,E-TABM-1166,Array Data
,E-TABM-1165,Array Data
,E-GEOD-32388,Array Data
,E-GEOD-38027,Array Data
,E-GEOD-37659,Array Data
,E-GEOD-37307,Array Data
,E-GEOD-30285,Array Data
,E-GEOD-30258,Array Data
,E-GEOD-30257,Array Data,SuperSeries
,E-GEOD-37022,Array Data,SuperSeries
,E-GEOD-34722,Array Data
,E-GEOD-35504,Array Data
,E-GEOD-34594,Array Data
,E-GEOD-29223,Array Data
,E-GEOD-29225,Array Data,SuperSeries
,E-GEOD-36139,Array Data,SuperSeries
,E-GEOD-36133,Array Data
,E-GEOD-34726,Array Data,SuperSeries
,E-GEOD-34672,Array Data
,E-GEOD-29326,Array Data
,E-GEOD-35200,Array Data
,E-GEOD-30903,Array Data
,E-GEOD-35907,Array Data
,E-GEOD-26379,Array Data,SuperSeries
,E-GEOD-26377,Array Data
,E-GEOD-26376,Array Data
,E-GEOD-35159,Array Data
,E-GEOD-34860,Array Data
,E-GEOD-34823,Array Data,SuperSeries
,E-GEOD-32246,Array Data
,E-GEOD-34714,Array Data
,E-GEOD-34577,Array Data
,E-GEOD-30442,Array Data
,E-GEOD-26821,Array Data
,E-GEOD-23025,Array Data
,E-GEOD-34044,Array Data
,E-GEOD-33243,Array Data
,E-GEOD-33892,Array Data
,E-GEOD-30195,Array Data
,E-TABM-1208,Array Data
,E-GEOD-33500,Array Data
,E-AFMX-5,Array Data
,E-GEOD-33358,Array Data
,E-TABM-1190,Array Data
,E-TABM-1189,Array Data
,E-GEOD-32992,Array Data
,E-GEOD-32252,Array Data,SuperSeries
,E-GEOD-31644,Array Data
,E-TABM-1072,Array Data
,E-TABM-1071,Array Data
,E-GEOD-31941,Array Data
,E-GEOD-30377,Array Data,SuperSeries
,E-GEOD-30376,Array Data
,E-GEOD-30375,Array Data
,E-GEOD-29276,Array Data
,E-GEOD-29799,Array Data
,E-GEOD-22845,Array Data
,E-GEOD-30029,Array Data
,E-GEOD-29828,Array Data
,E-GEOD-26921,Array Data
,E-GEOD-30315,Array Data
,E-GEOD-23143,Array Data
,E-TABM-1020,Array Data
,E-GEOD-29288,Array Data
,E-GEOD-29883,Array Data
,E-GEOD-28612,Array Data
,E-GEOD-26114,Array Data
,E-GEOD-21862,Array Data
,E-GEOD-28818,Array Data
,E-GEOD-19577,Array Data
,E-MTAB-220,Array Data
,E-GEOD-28185,Array Data
,E-GEOD-12645,Array Data
,E-TABM-945,Array Data
,E-TABM-944,Array Data
,E-GEOD-27244,Array Data,SuperSeries
,E-GEOD-27187,Array Data
,E-MEXP-3088,Array Data
,E-TABM-978,Array Data
,E-MTAB-327,Array Data
,E-GEOD-21261,Array Data
,E-GEOD-23312,Array Data
,E-GEOD-24006,Array Data
,E-GEOD-24505,Array Data
,E-GEOD-23702,Array Data
,E-GEOD-23038,Array Data
,E-GEOD-24899,Array Data
,E-GEOD-24384,Array Data
,E-GEOD-16745,Array Data
,E-GEOD-17855,Array Data
,E-GEOD-24395,Array Data
,E-GEOD-24222,Array Data
,E-TABM-792,Array Data
,E-GEOD-21550,Array Data
,E-MTAB-62,Array Data
,E-GEOD-16677,Array Data
,E-GEOD-18018,Array Data
,E-TABM-1029,Array Data
,E-TABM-1032,Array Data
,E-GEOD-22778,Array Data,SuperSeries
,E-GEOD-22775,Array Data
,E-GEOD-16432,Array Data
,E-GEOD-10579,Array Data
,E-GEOD-3692,Array Data
,E-GEOD-22056,Array Data
,E-GEOD-16193,Array Data
,E-TABM-974,Array Data
,E-GEOD-16197,Array Data,SuperSeries
,E-GEOD-16196,Array Data
,E-GEOD-15210,Array Data
,E-GEOD-14772,Array Data
,E-GEOD-10513,Array Data
,E-GEOD-10512,Array Data
,E-TABM-972,Array Data
,E-GEOD-96,Array Data
,E-GEOD-20508,Array Data
,E-TABM-925,Array Data
,E-TABM-909,Array Data
,E-MEXP-2528,Array Data
,E-GEOD-14471,Array Data
,E-GEOD-15434,Array Data
,E-MEXP-2170,Array Data
,E-GEOD-19201,Array Data
,E-GEOD-16798,Array Data
,E-GEOD-18476,Array Data
,E-GEOD-19090,Array Data
,E-GEOD-18673,Array Data
,E-GEOD-18366,Array Data
,E-GEOD-13159,Array Data
,E-MEXP-2352,Array Data
,E-GEOD-17054,Array Data
,E-GEOD-14062,Array Data
,E-GEOD-17061,Array Data
,E-GEOD-15151,Array Data
,E-GEOD-15061,Array Data
,E-GEOD-16625,Array Data
,E-GEOD-16015,Array Data
,E-GEOD-14926,Array Data
,E-GEOD-14924,Array Data
,E-GEOD-15647,Array Data
,E-GEOD-15646,Array Data
,E-GEOD-15648,Array Data,SuperSeries
,E-TABM-632,Array Data
,E-GEOD-13714,Array Data
,E-GEOD-14479,Array Data
,E-GEOD-14468,Array Data
,E-GEOD-10746,Array Data
,E-GEOD-10520,Array Data
,E-GEOD-10572,Array Data,SuperSeries
,E-GEOD-10258,Array Data
,E-GEOD-13673,Array Data
,E-GEOD-11379,Array Data
,E-MEXP-1389,Array Data
,E-GEOD-7757,Array Data
,E-GEOD-12662,Array Data
,E-GEOD-12417,Array Data
,E-GEOD-12326,Array Data
,E-GEOD-12056,Array Data
,E-GEOD-12353,Array Data
,E-NCMF-11,Array Data
,E-MTAB-37,Array Data
,E-GEOD-10060,Array Data
,E-GEOD-8970,Array Data
,E-GEOD-9476,Array Data
,E-GEOD-8510,Array Data
,E-GEOD-5868,Array Data
,E-GEOD-5122,Array Data
,E-GEOD-4610,Array Data,SuperSeries
,E-GEOD-4608,Array Data
,E-GEOD-4602,Array Data
,E-GEOD-4119,Array Data
,E-GEOD-2668,Array Data
,E-GEOD-1427,Array Data
,E-GEOD-1159,Array Data
,E-GEOD-2550,Array Data
,E-GEOD-7538,Array Data
,E-GEOD-6891,Array Data
,E-TABM-429,Array Data
,E-TABM-405,Array Data
,E-TABM-185,Array Data
,E-GEOD-4425,Array Data
,E-MEXP-583,Array Data
,E-GEOD-2191,Array Data
,E-GEOD-1729,Array Data
,E-SMDB-4056,Array Data
,E-TABM-87,Array Data
,E-SMDB-3491,Array Data
,E-SMDB-2850,Array Data
,E-MEXP-149,Array Data
,E-MEXP-72,Array Data
,E-MEXP-25,Array Data
,
Acute myelomonocytic leukemia,E-MTAB-62,Array Data
,E-GEOD-4119,Array Data
,E-TABM-185,Array Data
,E-GEOD-1729,Array Data
,
Acute promyelocytic leukemia,E-GEOD-48059,Seq Data
,E-GEOD-46561,Seq Data
,E-GEOD-37061,Seq Data
,E-GEOD-72415,Array Data
,E-MTAB-3732,Array Data
,E-GEOD-63059,Array Data
,E-MTAB-1393,Array Data
,E-GEOD-49344,Array Data
,E-GEOD-61804,Array Data
,E-GEOD-56739,Array Data
,E-GEOD-49578,Array Data
,E-GEOD-49516,Array Data
,E-GEOD-57083,Array Data
,E-GEOD-33537,Array Data
,E-GEOD-35320,Array Data
,E-GEOD-42031,Array Data
,E-GEOD-42030,Array Data
,E-MEXP-3647,Array Data
,E-GEOD-48433,Array Data
,E-GEOD-35000,Array Data
,E-GEOD-37361,Array Data
,E-GEOD-34672,Array Data
,E-GEOD-34823,Array Data,SuperSeries
,E-GEOD-34714,Array Data
,E-GEOD-34577,Array Data
,E-GEOD-26821,Array Data
,E-AFMX-5,Array Data
,E-GEOD-33358,Array Data
,E-GEOD-32992,Array Data
,E-GEOD-29288,Array Data
,E-GEOD-28185,Array Data
,E-MTAB-327,Array Data
,E-GEOD-23312,Array Data
,E-GEOD-24006,Array Data
,E-GEOD-23702,Array Data
,E-GEOD-24899,Array Data
,E-GEOD-21550,Array Data
,E-MTAB-62,Array Data
,E-GEOD-16197,Array Data,SuperSeries
,E-GEOD-16196,Array Data
,E-GEOD-96,Array Data
,E-TABM-925,Array Data
,E-GEOD-19201,Array Data
,E-GEOD-18476,Array Data
,E-GEOD-19090,Array Data
,E-GEOD-13673,Array Data
,E-GEOD-11379,Array Data
,E-GEOD-12662,Array Data
,E-GEOD-12353,Array Data
,E-GEOD-10060,Array Data
,E-GEOD-8510,Array Data
,E-GEOD-2668,Array Data
,E-GEOD-2550,Array Data
,E-TABM-185,Array Data
,E-GEOD-1729,Array Data
,E-MEXP-149,Array Data
,
Acute respiratory distress syndrome,E-GEOD-68610,Array Data
,E-GEOD-18816,Array Data
,E-GEOD-16650,Array Data
,E-GEOD-5883,Array Data
,E-GEOD-10474,Array Data
,
Adenocarcinoma of lung,E-GEOD-65420,Seq Data
,E-GEOD-63400,Seq Data,SuperSeries
,E-GEOD-40433,Seq Data,SuperSeries
,E-GEOD-56356,Seq Data
,E-GEOD-51510,Seq Data,SuperSeries
,E-GEOD-54384,Seq Data
,E-GEOD-39121,Seq Data
,E-GEOD-37765,Seq Data,SuperSeries
,E-GEOD-37764,Seq Data
,E-GEOD-36597,Seq Data
,E-GEOD-28866,Seq Data
,E-GEOD-34914,Seq Data
,E-MTAB-3665,Array Data
,E-GEOD-69226,Array Data
,E-GEOD-60189,Array Data
,E-MTAB-3732,Array Data
,E-GEOD-63882,Array Data
,E-MTAB-3448,Array Data
,E-GEOD-68928,Array Data
,E-GEOD-68869,Array Data
,E-GEOD-68787,Array Data
,E-GEOD-68606,Array Data
,E-GEOD-68571,Array Data
,E-GEOD-68465,Array Data
,E-MTAB-3512,Array Data
,E-GEOD-63459,Array Data
,E-GEOD-66654,Array Data
,E-GEOD-50627,Array Data
,E-GEOD-53700,Array Data
,E-GEOD-43767,Array Data
,E-GEOD-40433,Array Data,SuperSeries
,E-GEOD-40194,Array Data
,E-GEOD-59997,Array Data
,E-GEOD-59655,Array Data
,E-MTAB-1790,Array Data
,E-GEOD-51510,Array Data,SuperSeries
,E-GEOD-49675,Array Data
,E-GEOD-51270,Array Data
,E-GEOD-57422,Array Data
,E-GEOD-51855,Array Data,SuperSeries
,E-GEOD-51854,Array Data
,E-GEOD-51853,Array Data
,E-GEOD-51852,Array Data
,E-GEOD-31852,Array Data
,E-MEXP-3913,Array Data
,E-GEOD-56595,Array Data
,E-GEOD-30132,Array Data,SuperSeries
,E-GEOD-30131,Array Data
,E-GEOD-30130,Array Data
,E-GEOD-55748,Array Data
,E-GEOD-48414,Array Data
,E-GEOD-50138,Array Data
,E-GEOD-34228,Array Data
,E-GEOD-42998,Array Data
,E-GEOD-47056,Array Data
,E-GEOD-50894,Array Data,SuperSeries
,E-GEOD-50891,Array Data
,E-GEOD-50890,Array Data
,E-GEOD-44617,Array Data
,E-GEOD-43580,Array Data
,E-GEOD-51266,Array Data
,E-GEOD-24271,Array Data
,E-GEOD-50812,Array Data
,E-GEOD-40791,Array Data
,E-GEOD-43458,Array Data
,E-GEOD-49353,Array Data
,E-GEOD-38332,Array Data
,E-GEOD-48433,Array Data
,E-GEOD-47059,Array Data
,E-GEOD-37765,Array Data,SuperSeries
,E-GEOD-44619,Array Data
,E-GEOD-42977,Array Data
,E-GEOD-40270,Array Data
,E-GEOD-27262,Array Data
,E-GEOD-43622,Array Data
,E-GEOD-37939,Array Data
,E-GEOD-43494,Array Data,SuperSeries
,E-GEOD-43493,Array Data
,E-GEOD-43249,Array Data
,E-GEOD-31267,Array Data
,E-GEOD-37868,Array Data
,E-GEOD-40602,Array Data
,E-GEOD-33356,Array Data,SuperSeries
,E-GEOD-42407,Array Data
,E-GEOD-37903,Array Data
,E-GEOD-28480,Array Data
,E-MTAB-923,Array Data
,E-GEOD-41156,Array Data
,E-GEOD-40844,Array Data
,E-GEOD-40738,Array Data
,E-GEOD-35911,Array Data
,E-GEOD-35913,Array Data,SuperSeries
,E-GEOD-40275,Array Data
,E-GEOD-33247,Array Data
,E-GEOD-31317,Array Data,SuperSeries
,E-GEOD-31315,Array Data
,E-GEOD-36681,Array Data
,E-GEOD-32254,Array Data
,E-GEOD-29698,Array Data
,E-GEOD-32867,Array Data,SuperSeries
,E-GEOD-32863,Array Data
,E-GEOD-29391,Array Data
,E-GEOD-30663,Array Data
,E-GEOD-25830,Array Data
,E-GEOD-23118,Array Data
,E-GEOD-22810,Array Data
,E-GEOD-26721,Array Data
,E-MEXP-3025,Array Data
,E-MTAB-377,Array Data
,E-GEOD-32155,Array Data
,E-GEOD-20189,Array Data
,E-GEOD-27719,Array Data,SuperSeries
,E-GEOD-27716,Array Data
,E-GEOD-28166,Array Data
,E-GEOD-29827,Array Data
,E-TABM-1058,Array Data
,E-TABM-1057,Array Data
,E-GEOD-26636,Array Data
,E-GEOD-20853,Array Data
,E-GEOD-29496,Array Data
,E-GEOD-27486,Array Data
,E-GEOD-28956,Array Data
,E-GEOD-26644,Array Data
,E-GEOD-18285,Array Data,SuperSeries
,E-GEOD-18182,Array Data
,E-GEOD-26146,Array Data
,E-GEOD-23420,Array Data
,E-GEOD-22630,Array Data
,E-GEOD-18805,Array Data,SuperSeries
,E-GEOD-18695,Array Data
,E-MTAB-62,Array Data
,E-GEOD-13947,Array Data
,E-GEOD-14108,Array Data
,E-GEOD-20875,Array Data
,E-GEOD-19679,Array Data
,E-GEOD-17310,Array Data
,E-GEOD-14936,Array Data
,E-TABM-727,Array Data
,E-GEOD-20070,Array Data
,E-MEXP-2004,Array Data
,E-MEXP-2003,Array Data
,E-GEOD-17708,Array Data
,E-GEOD-17307,Array Data
,E-GEOD-12667,Array Data
,E-GEOD-17475,Array Data
,E-GEOD-14107,Array Data
,E-GEOD-11969,Array Data
,E-GEOD-2088,Array Data
,E-GEOD-12236,Array Data
,E-GEOD-6413,Array Data
,E-MTAB-37,Array Data
,E-GEOD-10072,Array Data
,E-TABM-185,Array Data
,E-GEOD-2514,Array Data
,E-TABM-15,Array Data
,E-MIMR-102,Array Data
,E-MEXP-231,Array Data
,E-SMDB-810,Array Data
,E-MEXP-113,Array Data
,
Adenoid cystic carcinoma,E-GEOD-59810,Seq Data
E-MTAB-1397,Array Data
,E-GEOD-25746,Array Data
,E-GEOD-36820,Array Data
,E-GEOD-33171,Array Data
,E-MTAB-352,Array Data
,E-GEOD-28996,Array Data
,E-GEOD-4225,Array Data
,
Adenomyosis,E-MTAB-3732,Array Data
,E-GEOD-7307,Array Data
,
Adrenal cancer,E-MTAB-2833,Seq Data
E-GEOD-64957,Array Data
,E-MTAB-3732,Array Data
,E-GEOD-51087,Array Data,SuperSeries
,E-GEOD-51081,Array Data
,E-GEOD-60459,Array Data,SuperSeries
,E-GEOD-60458,Array Data
,E-GEOD-39716,Array Data
,E-GEOD-29742,Array Data
,E-GEOD-33371,Array Data
,E-MTAB-733,Array Data
,E-GEOD-19422,Array Data
,E-TABM-811,Array Data
,E-MEXP-2137,Array Data
,E-GEOD-10927,Array Data
,E-GEOD-12627,Array Data
,E-GEOD-2864,Array Data
,E-GEOD-2841,Array Data
,
Adrenocortical carcinoma,E-GEOD-49279,Seq Data
,E-GEOD-49280,Seq Data,SuperSeries
,E-MTAB-3241,Array Data
,E-MTAB-3330,Array Data
,E-MTAB-3732,Array Data
,E-GEOD-68950,Array Data
,E-GEOD-64250,Array Data
,E-GEOD-49278,Array Data
,E-GEOD-49280,Array Data,SuperSeries
,E-GEOD-19776,Array Data,SuperSeries
,E-GEOD-19775,Array Data
,E-GEOD-19750,Array Data
,E-GEOD-49674,Array Data
,E-GEOD-43090,Array Data
,E-MEXP-3259,Array Data
,E-GEOD-33371,Array Data
,E-GEOD-22816,Array Data
,E-MTAB-659,Array Data
,E-GEOD-10927,Array Data
,E-TABM-311,Array Data
,E-GEOD-8588,Array Data
,
ADULT syndrome,E-GEOD-8646,Array Data

AIDS Dementia Complex,E-GEOD-55069,Array Data
,E-GEOD-50133,Array Data
,E-GEOD-44265,Array Data
,E-GEOD-43534,Array Data
,E-GEOD-42423,Array Data
,E-GEOD-35864,Array Data
,E-GEOD-4755,Array Data
,E-GEOD-3489,Array Data
,E-GEOD-1910,Array Data
,
AL amyloidosis,E-GEOD-24128,Array Data

Alagille syndrome,E-MTAB-3732,Array Data
,E-GEOD-63859,Array Data
,E-GEOD-12408,Array Data
,
Albinism,E-GEOD-45226,Array Data
,E-GEOD-45223,Array Data
,E-GEOD-35323,Array Data
,
Allergic bronchopulmonary aspergillosis,E-GEOD-16628,Array Data
,E-GEOD-16627,Array Data
,
Allergic encephalomyelitis,E-GEOD-37427,Array Data
,E-GEOD-38010,Array Data
,E-GEOD-37276,Array Data,SuperSeries
,E-MEXP-3594,Array Data
,E-GEOD-26484,Array Data
,E-GEOD-13732,Array Data
,
Alpha-Thalassemia,E-GEOD-22028,Array Data

Alstrom syndrome,E-MEXP-2492,Array Data

Alternating hemiplegia of childhood,E-GEOD-38597,Array Data
,E-GEOD-38147,Array Data
,E-TABM-1073,Array Data
,
Alveolar capillary dysplasia,E-GEOD-54780,Array Data

Alveolar soft part sarcoma,E-GEOD-54729,Seq Data
E-GEOD-49327,Array Data,SuperSeries
,E-GEOD-32569,Array Data
,E-GEOD-42977,Array Data
,E-GEOD-45257,Array Data
,
Amyotrophic lateral sclerosis,E-GEOD-52935,Seq Data
,E-GEOD-64078,Seq Data
,E-GEOD-60424,Seq Data
,E-GEOD-52946,Seq Data
,E-GEOD-54409,Seq Data
,E-GEOD-52202,Seq Data
,E-GEOD-43308,Seq Data
,E-GEOD-43294,Seq Data
,E-GEOD-40710,Seq Data
,E-GEOD-40651,Seq Data
,E-GEOD-68608,Array Data,SuperSeries
,E-GEOD-68607,Array Data
,E-GEOD-68605,Array Data
,E-GEOD-68240,Array Data
,E-GEOD-60082,Array Data
,E-MTAB-2325,Array Data
,E-GEOD-52917,Array Data
,E-GEOD-61322,Array Data
,E-GEOD-61321,Array Data
,E-GEOD-61320,Array Data
,E-GEOD-56504,Array Data,SuperSeries
,E-GEOD-56500,Array Data
,E-GEOD-33855,Array Data
,E-GEOD-56808,Array Data
,E-GEOD-40328,Array Data
,E-MTAB-1927,Array Data
,E-MTAB-1926,Array Data
,E-MTAB-1925,Array Data
,E-MTAB-1788,Array Data
,E-GEOD-49657,Array Data
,E-GEOD-37640,Array Data
,E-GEOD-40438,Array Data
,E-GEOD-41414,Array Data
,E-GEOD-36842,Array Data
,E-GEOD-39644,Array Data,SuperSeries
,E-GEOD-39643,Array Data
,E-GEOD-39642,Array Data
,E-MEXP-3260,Array Data
,E-GEOD-28253,Array Data
,E-GEOD-26276,Array Data
,E-GEOD-26927,Array Data
,E-GEOD-20589,Array Data
,E-TABM-940,Array Data
,E-GEOD-21450,Array Data,SuperSeries
,E-GEOD-21298,Array Data
,E-GEOD-19519,Array Data
,E-GEOD-19332,Array Data
,E-GEOD-9397,Array Data
,E-GEOD-5287,Array Data
,E-GEOD-4595,Array Data
,E-TABM-185,Array Data
,E-GEOD-833,Array Data
,E-GEOD-3307,Array Data
,
Amyotrophic lateral sclerosis type 4,E-GEOD-52935,Seq Data
E-GEOD-61322,Array Data
,E-GEOD-61321,Array Data
,E-GEOD-61320,Array Data
,
Anaplastic astrocytoma,E-GEOD-48865,Seq Data
,E-GEOD-45133,Seq Data
,E-MTAB-3732,Array Data
,E-GEOD-68950,Array Data
,E-GEOD-68850,Array Data
,E-GEOD-61710,Array Data
,E-GEOD-52942,Array Data
,E-GEOD-52009,Array Data
,E-MTAB-1852,Array Data
,E-GEOD-42658,Array Data,SuperSeries
,E-GEOD-42656,Array Data
,E-GEOD-48433,Array Data
,E-GEOD-29796,Array Data
,E-GEOD-38330,Array Data
,E-GEOD-26576,Array Data
,E-GEOD-22692,Array Data
,E-MTAB-327,Array Data
,E-GEOD-18166,Array Data
,E-GEOD-19578,Array Data
,E-GEOD-11822,Array Data
,E-GEOD-19728,Array Data
,E-TABM-579,Array Data
,E-GEOD-4412,Array Data
,E-TABM-167,Array Data
,E-SMDB-3152,Array Data
,
Anaplastic ependymoma,E-MTAB-1852,Array Data

Anaplastic large cell lymphoma,E-MTAB-2706,Seq Data
,E-GEOD-45137,Seq Data,SuperSeries
,E-MTAB-3732,Array Data
,E-GEOD-68950,Array Data
,E-GEOD-59747,Array Data
,E-GEOD-42595,Array Data
,E-GEOD-50916,Array Data
,E-GEOD-50803,Array Data
,E-GEOD-23368,Array Data
,E-GEOD-45137,Array Data,SuperSeries
,E-GEOD-39287,Array Data
,E-GEOD-26101,Array Data
,E-GEOD-38906,Array Data
,E-GEOD-36139,Array Data,SuperSeries
,E-GEOD-36133,Array Data
,E-MTAB-62,Array Data
,E-MEXP-1132,Array Data
,E-GEOD-6338,Array Data
,E-GEOD-6184,Array Data
,E-TABM-117,Array Data
,
Anaplastic oligoastrocytoma,E-MTAB-2768,Array Data
,E-GEOD-61710,Array Data
,E-GEOD-52942,Array Data
,E-GEOD-29796,Array Data
,E-GEOD-32335,Array Data
,E-GEOD-36782,Array Data
,E-GEOD-31545,Array Data
,E-GEOD-11822,Array Data
,
Anaplastic oligodendroglioma,E-GEOD-48865,Seq Data
E-MTAB-3732,Array Data
,E-MTAB-2768,Array Data
,E-GEOD-61079,Array Data
,E-GEOD-61078,Array Data
,E-GEOD-52942,Array Data
,E-GEOD-52009,Array Data
,E-GEOD-29796,Array Data
,E-GEOD-27005,Array Data
,E-GEOD-19578,Array Data
,E-MEXP-1507,Array Data
,E-GEOD-4412,Array Data
,E-SMDB-3152,Array Data
,
Androgen insensitivity syndrome,E-GEOD-59515,Array Data
,E-GEOD-42377,Array Data
,E-GEOD-33287,Array Data
,E-MTAB-980,Array Data
,E-MEXP-2825,Array Data
,E-GEOD-20361,Array Data
,E-GEOD-11847,Array Data
,E-GEOD-10911,Array Data
,E-SMDB-2121,Array Data
,E-SMDB-2119,Array Data
,
Anencephaly,E-GEOD-14334,Array Data

Angioimmunoblastic lymphadenopathy with dysproteinemia,E-GEOD-58596,Seq Data
E-MTAB-3732,Array Data
,E-GEOD-20874,Array Data
,E-GEOD-19069,Array Data
,E-TABM-783,Array Data
,E-GEOD-6338,Array Data
,E-TABM-191,Array Data
,
Aniridia,E-TABM-53,Array Data

Anthrax,E-MTAB-3732,Array Data
,E-GEOD-34407,Array Data
,E-GEOD-23930,Array Data
,E-GEOD-15068,Array Data
,E-GEOD-12131,Array Data
,E-GEOD-14390,Array Data
,E-GEOD-17777,Array Data
,E-GEOD-12533,Array Data
,E-GEOD-5966,Array Data
,
Antiphospholipid syndrome,E-GEOD-50395,Array Data
,E-GEOD-19151,Array Data
,E-MEXP-1635,Array Data
,
Aortic valve stenosis,E-MTAB-2785,Array Data
,E-MEXP-3684,Array Data
,E-GEOD-30197,Array Data
,E-MEXP-2296,Array Data
,E-GEOD-12644,Array Data
,E-GEOD-10161,Array Data
,E-GEOD-1145,Array Data
,
Apert syndrome,E-MTAB-3732,Array Data
,E-MEXP-2236,Array Data
,
Aphthous stomatitis,E-GEOD-37265,Array Data
,E-GEOD-17732,Array Data
,
Aplastic anemia,E-GEOD-33812,Array Data
,E-GEOD-16334,Array Data
,E-GEOD-3807,Array Data
,
Apraxia,E-GEOD-52935,Seq Data
E-GEOD-61400,Array Data,SuperSeries
,E-GEOD-61322,Array Data
,E-GEOD-61321,Array Data
,E-GEOD-61320,Array Data
,
Arachnoid cysts,E-GEOD-19727,Array Data

Arrhythmogenic right ventricular dysplasia,E-GEOD-29819,Array Data

Arterial tortuosity syndrome,E-GEOD-71172,Array Data
,E-GEOD-70683,Array Data
,E-GEOD-42057,Array Data
,E-GEOD-41649,Array Data
,
Arthrogryposis multiplex congenita,E-GEOD-38003,Seq Data
,E-MTAB-1969,Seq Data
,E-GEOD-40996,Seq Data
,E-GEOD-38994,Seq Data
,E-GEOD-65551,Array Data
,E-GEOD-71980,Array Data
,E-GEOD-65682,Array Data
,E-GEOD-59421,Array Data
,E-GEOD-64392,Array Data
,E-GEOD-28467,Array Data
,E-GEOD-65879,Array Data
,E-GEOD-54747,Array Data
,E-GEOD-62740,Array Data,SuperSeries
,E-GEOD-62739,Array Data
,E-GEOD-62738,Array Data
,E-GEOD-51382,Array Data
,E-GEOD-60557,Array Data
,E-GEOD-16481,Array Data
,E-GEOD-16480,Array Data
,E-GEOD-54618,Array Data
,E-GEOD-36177,Array Data
,E-GEOD-51392,Array Data
,E-GEOD-50572,Array Data
,E-GEOD-28409,Array Data
,E-GEOD-50892,Array Data
,E-GEOD-16477,Array Data
,E-GEOD-42762,Array Data
,E-GEOD-32964,Array Data
,E-GEOD-45270,Array Data
,E-GEOD-28019,Array Data
,E-GEOD-28466,Array Data
,E-GEOD-44037,Array Data
,E-GEOD-16254,Array Data,SuperSeries
,E-GEOD-39218,Array Data
,E-GEOD-18272,Array Data,SuperSeries
,E-GEOD-18271,Array Data
,E-GEOD-17827,Array Data
,E-GEOD-22875,Array Data
,E-GEOD-29634,Array Data
,E-GEOD-16476,Array Data
,E-GEOD-34850,Array Data
,E-GEOD-18560,Array Data
,E-GEOD-33114,Array Data,SuperSeries
,E-GEOD-33113,Array Data
,E-GEOD-33112,Array Data
,E-GEOD-28858,Array Data
,E-GEOD-30027,Array Data
,E-MEXP-3092,Array Data
,E-GEOD-20581,Array Data
,E-GEOD-24151,Array Data
,E-GEOD-19821,Array Data
,E-GEOD-17375,Array Data
,E-GEOD-9339,Array Data
,E-GEOD-8866,Array Data
,E-GEOD-10327,Array Data
,E-GEOD-8066,Array Data
,E-GEOD-6629,Array Data
,E-GEOD-6406,Array Data
,E-GEOD-3801,Array Data
,E-GEOD-1158,Array Data
,E-GEOD-7423,Array Data
,E-MEXP-1004,Array Data
,
Asbestosis,E-GEOD-6013,Array Data

Aspergillosis,E-GEOD-55467,Array Data
,E-GEOD-34884,Array Data
,E-GEOD-28809,Array Data,SuperSeries
,E-GEOD-28806,Array Data
,E-GEOD-16628,Array Data
,E-GEOD-21353,Array Data
,E-GEOD-16627,Array Data
,
Atelosteogenesis type 1,E-GEOD-55526,Array Data
,E-GEOD-35784,Array Data
,E-GEOD-37660,Array Data
,E-GEOD-13365,Array Data,SuperSeries
,E-GEOD-13334,Array Data
,E-GEOD-2378,Array Data
,
Atelosteogenesis type 3,E-GEOD-61374,Array Data

Atrioventricular septal defect,E-GEOD-34459,Array Data,SuperSeries
,E-GEOD-34457,Array Data
,
Autoimmune lymphoproliferative syndrome,E-MTAB-3732,Array Data
,E-GEOD-26344,Array Data
,E-GEOD-7345,Array Data
,
Autosomal dominant hyper IgE syndrome,E-GEOD-51587,Array Data

B cell prolymphocytic leukemia,E-MTAB-1991,Array Data

B-cell lymphomas,E-GEOD-56354,Seq Data
,E-GEOD-51359,Seq Data
,E-GEOD-50514,Seq Data
,E-GEOD-45982,Seq Data
,E-GEOD-53117,Array Data
,E-GEOD-66770,Array Data
,E-GEOD-59479,Array Data
,E-GEOD-59478,Array Data
,E-GEOD-59477,Array Data
,E-GEOD-63790,Array Data
,E-GEOD-56268,Array Data
,E-GEOD-29493,Array Data
,E-GEOD-42906,Array Data
,E-GEOD-44164,Array Data
,E-GEOD-43677,Array Data
,E-GEOD-48183,Array Data
,E-GEOD-48182,Array Data
,E-GEOD-48097,Array Data
,E-GEOD-42204,Array Data,SuperSeries
,E-GEOD-42203,Array Data
,E-GEOD-42174,Array Data
,E-GEOD-40160,Array Data
,E-GEOD-34171,Array Data
,E-GEOD-35082,Array Data
,E-GEOD-25638,Array Data
,E-GEOD-27670,Array Data
,E-GEOD-22470,Array Data
,E-GEOD-23293,Array Data
,E-GEOD-27226,Array Data
,E-GEOD-24236,Array Data
,E-GEOD-21697,Array Data
,E-GEOD-12934,Array Data
,E-GEOD-12933,Array Data
,E-GEOD-10524,Array Data
,E-GEOD-8123,Array Data
,E-GEOD-4475,Array Data
,E-GEOD-4207,Array Data
,E-GEOD-9429,Array Data
,E-GEOD-7578,Array Data
,E-GEOD-4176,Array Data
,E-SMDB-1798,Array Data
,
Bacterial meningitis,E-GEOD-42870,Array Data
,E-GEOD-40586,Array Data
,
Bardet-Biedl syndrome,E-GEOD-14340,Array Data

Batten Disease,E-GEOD-22225,Array Data

Becker muscular dystrophy,E-GEOD-56148,Seq Data
E-GEOD-63446,Array Data
,E-GEOD-62402,Array Data
,E-GEOD-50892,Array Data
,E-MTAB-1788,Array Data
,E-MEXP-1618,Array Data
,E-GEOD-13850,Array Data
,E-GEOD-7429,Array Data
,E-GEOD-9397,Array Data
,E-TABM-185,Array Data
,E-GEOD-2208,Array Data
,E-GEOD-3307,Array Data
,
Behcet's disease,E-GEOD-17114,Array Data

Berger disease,E-GEOD-50469,Array Data
,E-GEOD-58539,Array Data
,E-GEOD-47185,Array Data,SuperSeries
,E-GEOD-47184,Array Data
,E-GEOD-37460,Array Data
,E-GEOD-27676,Array Data
,E-GEOD-35489,Array Data,SuperSeries
,E-GEOD-35488,Array Data
,E-GEOD-35487,Array Data
,E-GEOD-14795,Array Data
,
Best vitelliform macular dystrophy,E-GEOD-63446,Array Data
,E-GEOD-62402,Array Data
,E-GEOD-50892,Array Data
,E-MEXP-1618,Array Data
,E-GEOD-13850,Array Data
,E-GEOD-7429,Array Data
,E-GEOD-9397,Array Data
,E-GEOD-2208,Array Data
,
Beta-thalassemia,E-GEOD-57992,Array Data
,E-GEOD-30220,Array Data
,E-GEOD-24901,Array Data
,E-GEOD-13284,Array Data
,
Bietti crystalline corneoretinal dystrophy,E-GEOD-60803,Array Data
,E-GEOD-29880,Array Data
,E-GEOD-30732,Array Data
,
Bile duct cancer,E-GEOD-63420,Seq Data
E-GEOD-11152,Array Data

Biliary tract cancer,E-GEOD-59856,Array Data

Birt-Hogg-Dube syndrome,E-GEOD-47106,Array Data

Blastic plasmacytoid dendritic cell,E-GEOD-62014,Array Data

Bloom syndrome,E-GEOD-54502,Array Data

Bone cancer,E-GEOD-73277,Seq Data
,E-MTAB-2349,Seq Data
,E-GEOD-70415,Seq Data,SuperSeries
,E-GEOD-58123,Seq Data
,E-GEOD-57925,Seq Data
,E-GEOD-59331,Seq Data
,E-MTAB-2706,Seq Data
,E-ERAD-128,Seq Data
,E-GEOD-53554,Seq Data
,E-MTAB-1875,Seq Data
,E-GEOD-48379,Seq Data,SuperSeries
,E-GEOD-46642,Seq Data,SuperSeries
,E-GEOD-28866,Seq Data
,E-GEOD-35576,Seq Data,SuperSeries
,E-GEOD-22186,Seq Data,SuperSeries
,E-GEOD-15780,Seq Data
,E-GEOD-56255,Array Data,SuperSeries
,E-GEOD-55958,Array Data
,E-GEOD-55957,Array Data
,E-GEOD-71742,Array Data
,E-MTAB-3204,Array Data
,E-GEOD-69524,Array Data,SuperSeries
,E-GEOD-69470,Array Data
,E-GEOD-68591,Array Data
,E-MTAB-3732,Array Data
,E-GEOD-70415,Array Data,SuperSeries
,E-GEOD-70414,Array Data
,E-GEOD-70367,Array Data
,E-GEOD-50527,Array Data
,E-GEOD-68950,Array Data
,E-GEOD-68497,Array Data
,E-GEOD-57203,Array Data
,E-GEOD-47823,Array Data
,E-MTAB-2421,Array Data
,E-GEOD-58209,Array Data
,E-GEOD-46549,Array Data
,E-GEOD-56001,Array Data
,E-GEOD-56183,Array Data
,E-GEOD-46448,Array Data
,E-GEOD-44581,Array Data
,E-GEOD-51349,Array Data
,E-GEOD-54942,Array Data
,E-GEOD-54820,Array Data
,E-GEOD-54269,Array Data,SuperSeries
,E-GEOD-54267,Array Data
,E-GEOD-52727,Array Data
,E-GEOD-48120,Array Data
,E-GEOD-50137,Array Data,SuperSeries
,E-GEOD-50135,Array Data
,E-GEOD-53155,Array Data
,E-GEOD-48379,Array Data,SuperSeries
,E-GEOD-48330,Array Data
,E-GEOD-43632,Array Data
,E-GEOD-44115,Array Data
,E-GEOD-50988,Array Data
,E-GEOD-41828,Array Data
,E-GEOD-42050,Array Data,SuperSeries
,E-GEOD-19913,Array Data
,E-GEOD-50532,Array Data
,E-GEOD-48779,Array Data
,E-GEOD-48420,Array Data,SuperSeries
,E-GEOD-48418,Array Data
,E-GEOD-49003,Array Data
,E-GEOD-46642,Array Data,SuperSeries
,E-GEOD-46493,Array Data
,E-GEOD-48281,Array Data
,E-GEOD-42351,Array Data
,E-GEOD-42977,Array Data
,E-GEOD-32964,Array Data
,E-GEOD-44713,Array Data
,E-GEOD-28256,Array Data
,E-GEOD-28252,Array Data
,E-GEOD-39058,Array Data,SuperSeries
,E-GEOD-39057,Array Data
,E-GEOD-39055,Array Data
,E-GEOD-39052,Array Data
,E-GEOD-39040,Array Data
,E-GEOD-39262,Array Data
,E-GEOD-30807,Array Data
,E-GEOD-22149,Array Data
,E-GEOD-36729,Array Data
,E-GEOD-42352,Array Data,SuperSeries
,E-GEOD-42903,Array Data
,E-GEOD-36004,Array Data,SuperSeries
,E-GEOD-36001,Array Data
,E-GEOD-28425,Array Data,SuperSeries
,E-GEOD-28424,Array Data
,E-GEOD-28423,Array Data
,E-GEOD-41445,Array Data
,E-MEXP-3716,Array Data
,E-MEXP-3717,Array Data
,E-GEOD-30934,Array Data
,E-GEOD-38971,Array Data
,E-GEOD-39136,Array Data
,E-GEOD-29634,Array Data
,E-GEOD-38135,Array Data,SuperSeries
,E-GEOD-38134,Array Data
,E-GEOD-38133,Array Data
,E-MTAB-1136,Array Data
,E-MEXP-3628,Array Data
,E-GEOD-37552,Array Data
,E-GEOD-26244,Array Data
,E-GEOD-33383,Array Data,SuperSeries
,E-GEOD-33382,Array Data
,E-GEOD-36139,Array Data,SuperSeries
,E-GEOD-36133,Array Data
,E-GEOD-34800,Array Data
,E-GEOD-35576,Array Data,SuperSeries
,E-GEOD-27900,Array Data
,E-GEOD-35512,Array Data
,E-GEOD-32981,Array Data
,E-GEOD-26857,Array Data
,E-GEOD-25965,Array Data
,E-GEOD-32395,Array Data
,E-GEOD-32182,Array Data
,E-GEOD-30844,Array Data,SuperSeries
,E-GEOD-30835,Array Data
,E-GEOD-30354,Array Data
,E-GEOD-33458,Array Data
,E-MEXP-3107,Array Data
,E-MEXP-3106,Array Data
,E-GEOD-28912,Array Data
,E-GEOD-30699,Array Data
,E-GEOD-14789,Array Data
,E-GEOD-31715,Array Data
,E-GEOD-22965,Array Data,SuperSeries
,E-GEOD-22855,Array Data
,E-GEOD-26675,Array Data,SuperSeries
,E-GEOD-26667,Array Data
,E-GEOD-30499,Array Data
,E-GEOD-29873,Array Data,SuperSeries
,E-GEOD-29870,Array Data
,E-GEOD-23010,Array Data
,E-GEOD-29745,Array Data
,E-GEOD-28631,Array Data
,E-GEOD-24369,Array Data
,E-MEXP-2687,Array Data
,E-GEOD-22186,Array Data,SuperSeries
,E-MEXP-2643,Array Data
,E-GEOD-22184,Array Data
,E-GEOD-24401,Array Data
,E-GEOD-21257,Array Data
,E-MEXP-2671,Array Data
,E-GEOD-22842,Array Data
,E-MEXP-2860,Array Data
,E-GEOD-22065,Array Data
,E-GEOD-9508,Array Data
,E-MTAB-62,Array Data
,E-GEOD-14359,Array Data
,E-GEOD-22970,Array Data
,E-TABM-805,Array Data
,E-GEOD-8079,Array Data
,E-TABM-707,Array Data
,E-GEOD-12865,Array Data
,E-MEXP-1209,Array Data
,E-GEOD-14827,Array Data
,E-GEOD-11127,Array Data
,E-GEOD-19060,Array Data
,E-GEOD-18901,Array Data
,E-GEOD-18947,Array Data
,E-GEOD-16091,Array Data
,E-GEOD-16088,Array Data
,E-GEOD-16102,Array Data,SuperSeries
,E-MEXP-1897,Array Data
,E-GEOD-16648,Array Data,SuperSeries
,E-GEOD-16089,Array Data
,E-GEOD-16085,Array Data
,E-GEOD-16082,Array Data
,E-GEOD-16080,Array Data
,E-GEOD-16070,Array Data
,E-GEOD-16066,Array Data
,E-GEOD-16748,Array Data
,E-GEOD-12320,Array Data
,E-GEOD-11414,Array Data
,E-GEOD-15658,Array Data,SuperSeries
,E-GEOD-15368,Array Data
,E-GEOD-15367,Array Data
,E-TABM-626,Array Data
,E-GEOD-12532,Array Data,SuperSeries
,E-GEOD-12475,Array Data
,E-TABM-390,Array Data
,E-GEOD-10580,Array Data
,E-GEOD-13504,Array Data
,E-MTAB-37,Array Data
,E-GEOD-9854,Array Data
,E-GEOD-7454,Array Data
,E-GEOD-5117,Array Data
,E-GEOD-11115,Array Data
,E-GEOD-5796,Array Data
,E-TABM-185,Array Data
,E-GEOD-2292,Array Data
,E-GEOD-1153,Array Data
,E-GEOD-1000,Array Data
,E-MEXP-826,Array Data
,E-MEXP-406,Array Data
,E-MEXP-353,Array Data
,E-MEXP-278,Array Data
,E-MEXP-230,Array Data
,E-MEXP-200,Array Data
,
Botulism,E-GEOD-58149,Array Data

Bourneville syndrome,E-MTAB-3732,Array Data
,E-MEXP-2351,Array Data
,E-GEOD-6002,Array Data
,E-GEOD-14334,Array Data
,E-GEOD-12027,Array Data
,E-GEOD-9715,Array Data
,
Brittle cornea syndrome,E-MEXP-3077,Array Data

Bronchopulmonary dysplasia,E-GEOD-37710,Seq Data
E-MTAB-3732,Array Data
,E-GEOD-53987,Array Data
,E-GEOD-46449,Array Data
,E-GEOD-39840,Array Data
,E-GEOD-35683,Array Data
,E-GEOD-32472,Array Data
,E-GEOD-24583,Array Data
,E-GEOD-23848,Array Data
,E-TABM-864,Array Data
,E-TABM-862,Array Data
,E-GEOD-8586,Array Data
,
Brucellosis,E-GEOD-69597,Seq Data

Budd-Chiari syndrome,E-GEOD-57944,Seq Data,SuperSeries
E-GEOD-57944,Array Data,SuperSeries
,E-GEOD-57520,Array Data
,
Burkitt's lymphoma,E-GEOD-64085,Seq Data
,E-GEOD-62296,Seq Data
,E-GEOD-62063,Seq Data
,E-GEOD-56144,Seq Data
,E-GEOD-46514,Seq Data
,E-GEOD-44769,Seq Data
,E-GEOD-38577,Seq Data,SuperSeries
,E-GEOD-30726,Seq Data
,E-GEOD-31486,Seq Data
,E-GEOD-31278,Seq Data,SuperSeries
,E-GEOD-22898,Seq Data,SuperSeries
,E-GEOD-15229,Seq Data
,E-GEOD-71471,Array Data
,E-MTAB-3732,Array Data
,E-GEOD-65674,Array Data
,E-GEOD-64905,Array Data
,E-GEOD-68950,Array Data
,E-GEOD-64484,Array Data
,E-GEOD-59480,Array Data,SuperSeries
,E-GEOD-59479,Array Data
,E-GEOD-55237,Array Data
,E-MTAB-3184,Array Data
,E-GEOD-51895,Array Data
,E-GEOD-58613,Array Data
,E-GEOD-60327,Array Data
,E-GEOD-58224,Array Data
,E-GEOD-48399,Array Data
,E-GEOD-56268,Array Data
,E-GEOD-57083,Array Data
,E-GEOD-29493,Array Data
,E-GEOD-31258,Array Data
,E-GEOD-44164,Array Data
,E-GEOD-53666,Array Data
,E-GEOD-43677,Array Data
,E-GEOD-48183,Array Data
,E-GEOD-48182,Array Data
,E-GEOD-48097,Array Data
,E-GEOD-44244,Array Data
,E-GEOD-48435,Array Data
,E-GEOD-48433,Array Data
,E-GEOD-46873,Array Data
,E-GEOD-42637,Array Data
,E-GEOD-44700,Array Data
,E-GEOD-42660,Array Data
,E-GEOD-42867,Array Data
,E-MEXP-3595,Array Data
,E-GEOD-35163,Array Data
,E-GEOD-17372,Array Data
,E-GEOD-38885,Array Data
,E-GEOD-29492,Array Data
,E-GEOD-29491,Array Data
,E-GEOD-23026,Array Data,SuperSeries
,E-GEOD-36139,Array Data,SuperSeries
,E-GEOD-36133,Array Data
,E-GEOD-20229,Array Data
,E-GEOD-23171,Array Data,SuperSeries
,E-GEOD-23169,Array Data
,E-GEOD-25965,Array Data
,E-GEOD-30726,Array Data
,E-AFMX-5,Array Data
,E-GEOD-32517,Array Data
,E-GEOD-29449,Array Data
,E-GEOD-22420,Array Data
,E-GEOD-29700,Array Data
,E-GEOD-28456,Array Data
,E-GEOD-26673,Array Data
,E-GEOD-20011,Array Data
,E-GEOD-22586,Array Data
,E-GEOD-22898,Array Data,SuperSeries
,E-MTAB-62,Array Data
,E-GEOD-96,Array Data
,E-GEOD-17189,Array Data
,E-GEOD-19761,Array Data
,E-GEOD-13210,Array Data
,E-GEOD-10026,Array Data,SuperSeries
,E-GEOD-17129,Array Data
,E-GEOD-17172,Array Data
,E-GEOD-15250,Array Data
,E-NCMF-15,Array Data
,E-GEOD-12278,Array Data
,E-MTAB-37,Array Data
,E-GEOD-4475,Array Data
,E-GEOD-10864,Array Data
,E-GEOD-10057,Array Data
,E-TABM-185,Array Data
,E-GEOD-1880,Array Data
,E-MEXP-1113,Array Data
,E-MEXP-403,Array Data
,E-GEOD-4732,Array Data
,
CADASIL,E-MTAB-3395,Array Data

Carcinoid syndrome,E-GEOD-27162,Array Data

Carcinoid tumor,E-MTAB-2706,Seq Data
E-MTAB-3732,Array Data
,E-GEOD-58600,Array Data
,E-GEOD-58151,Array Data
,E-GEOD-57083,Array Data
,E-GEOD-30219,Array Data
,E-MEXP-3790,Array Data
,E-GEOD-35679,Array Data
,E-MTAB-388,Array Data
,E-GEOD-24358,Array Data
,E-MTAB-862,Array Data
,E-GEOD-27162,Array Data
,E-TABM-760,Array Data
,E-GEOD-4328,Array Data
,E-GEOD-17619,Array Data
,E-GEOD-9576,Array Data
,E-TABM-389,Array Data
,E-MTAB-37,Array Data
,E-GEOD-8581,Array Data
,
Castleman's disease,E-GEOD-64413,Seq Data
E-GEOD-6489,Array Data

Cayler cardiofacial syndrome,E-GEOD-34120,Array Data

Cerebellar hypoplasia,E-GEOD-48849,Array Data

Cerebral cavernous malformation,E-GEOD-18035,Array Data

Cervical intraepithelial neoplasia,E-MTAB-2019,Array Data
,E-GEOD-51993,Array Data
,E-GEOD-12852,Array Data
,
Chagas disease,E-GEOD-7047,Array Data

Chikungunya,E-GEOD-49985,Array Data
,E-GEOD-49884,Array Data
,
Cholecystitis,E-GEOD-43580,Array Data

Cholera,E-GEOD-37588,Array Data
,E-GEOD-6784,Array Data
,
Cholesteatoma,E-GEOD-42256,Array Data

Chondroblastoma,E-MTAB-62,Array Data
,E-TABM-185,Array Data
,E-MEXP-353,Array Data
,
Chondrodystrophy,E-MTAB-2494,Array Data
,E-GEOD-59446,Array Data
,E-MEXP-3474,Array Data
,E-MEXP-3196,Array Data
,E-GEOD-32127,Array Data
,
Chondrosarcoma,E-GEOD-59331,Seq Data
,E-MTAB-2706,Seq Data
,E-GEOD-28866,Seq Data
,E-GEOD-69524,Array Data,SuperSeries
,E-GEOD-69470,Array Data
,E-GEOD-68591,Array Data
,E-MTAB-3732,Array Data
,E-GEOD-68950,Array Data
,E-GEOD-47823,Array Data
,E-GEOD-44581,Array Data
,E-GEOD-43632,Array Data
,E-GEOD-44115,Array Data
,E-GEOD-48420,Array Data,SuperSeries
,E-GEOD-48418,Array Data
,E-GEOD-42977,Array Data
,E-GEOD-39262,Array Data
,E-GEOD-36139,Array Data,SuperSeries
,E-GEOD-36133,Array Data
,E-GEOD-30844,Array Data,SuperSeries
,E-GEOD-30835,Array Data
,E-GEOD-30354,Array Data
,E-GEOD-22965,Array Data,SuperSeries
,E-GEOD-22855,Array Data
,E-GEOD-26675,Array Data,SuperSeries
,E-GEOD-26667,Array Data
,E-GEOD-29745,Array Data
,E-GEOD-24369,Array Data
,E-MEXP-2687,Array Data
,E-MTAB-62,Array Data
,E-GEOD-16748,Array Data
,E-GEOD-12532,Array Data,SuperSeries
,E-GEOD-12475,Array Data
,E-TABM-185,Array Data
,E-MEXP-826,Array Data
,E-MEXP-353,Array Data
,
Choriocarcinoma,E-GEOD-66962,Seq Data
E-GEOD-66840,Array Data
,E-MTAB-3732,Array Data
,E-GEOD-68950,Array Data
,E-MTAB-3217,Array Data
,E-GEOD-43609,Array Data
,E-MTAB-429,Array Data
,E-GEOD-20404,Array Data
,E-TABM-1117,Array Data
,E-GEOD-20510,Array Data
,E-MTAB-62,Array Data
,E-GEOD-13475,Array Data
,E-MTAB-37,Array Data
,E-GEOD-1818,Array Data
,E-GEOD-2531,Array Data
,
Choroid plexus papilloma,E-GEOD-68015,Array Data
,E-GEOD-42870,Array Data
,E-GEOD-42658,Array Data,SuperSeries
,E-GEOD-42656,Array Data
,E-GEOD-14098,Array Data
,
Choroideremia,E-MTAB-3732,Array Data
,E-GEOD-17549,Array Data
,
Chromophil renal cell carcinoma,E-MTAB-1805,Array Data
,E-GEOD-51554,Array Data
,E-GEOD-39790,Array Data
,E-GEOD-19949,Array Data
,E-MTAB-1050,Array Data
,E-GEOD-26574,Array Data
,E-GEOD-2748,Array Data
,E-GEOD-7023,Array Data
,E-MEXP-113,Array Data
,
Chromophobe renal cell carcinoma,E-MTAB-3732,Array Data
,E-MTAB-1805,Array Data
,E-GEOD-39790,Array Data
,E-GEOD-19949,Array Data
,E-GEOD-17746,Array Data
,E-GEOD-19982,Array Data
,E-GEOD-12090,Array Data
,E-MEXP-113,Array Data
,
Chromosome 13q deletion,E-GEOD-2912,Array Data

Chronic active Epstein-Barr virus infection,E-GEOD-13906,Array Data

Chronic granulomatous disease,E-GEOD-55849,Array Data
,E-GEOD-44969,Array Data
,E-GEOD-39681,Array Data
,E-FPMI-9,Array Data
,E-GEOD-935,Array Data
,
Chronic Infantile Neurological Cutaneous Articular syndrome,E-GEOD-57253,Seq Data
E-GEOD-38626,Array Data
,E-GEOD-27864,Array Data
,E-GEOD-21835,Array Data
,
Chronic lymphocytic leukemia,E-GEOD-66186,Seq Data
,E-GEOD-66117,Seq Data
,E-GEOD-66167,Seq Data,SuperSeries
,E-MTAB-1776,Seq Data
,E-MTAB-2025,Seq Data
,E-GEOD-22898,Seq Data,SuperSeries
,E-GEOD-15229,Seq Data
,E-GEOD-70996,Array Data,SuperSeries
,E-GEOD-70995,Array Data
,E-GEOD-70994,Array Data
,E-GEOD-71409,Array Data
,E-MTAB-3732,Array Data
,E-MTAB-2765,Array Data
,E-GEOD-62137,Array Data
,E-GEOD-69165,Array Data
,E-GEOD-68950,Array Data
,E-GEOD-68163,Array Data
,E-GEOD-68721,Array Data
,E-GEOD-38367,Array Data
,E-GEOD-68094,Array Data
,E-GEOD-62533,Array Data
,E-GEOD-49697,Array Data,SuperSeries
,E-GEOD-49696,Array Data
,E-GEOD-49695,Array Data
,E-MTAB-2860,Array Data
,E-GEOD-59480,Array Data,SuperSeries
,E-GEOD-59479,Array Data
,E-GEOD-28654,Array Data
,E-GEOD-57861,Array Data
,E-GEOD-58613,Array Data
,E-GEOD-55288,Array Data
,E-GEOD-49896,Array Data
,E-GEOD-58211,Array Data
,E-MTAB-298,Array Data
,E-MTAB-1991,Array Data
,E-GEOD-53270,Array Data,SuperSeries
,E-GEOD-53236,Array Data
,E-GEOD-53235,Array Data
,E-GEOD-29493,Array Data
,E-GEOD-56369,Array Data
,E-GEOD-46261,Array Data
,E-MTAB-1454,Array Data
,E-GEOD-52776,Array Data,SuperSeries
,E-GEOD-52775,Array Data
,E-GEOD-52774,Array Data
,E-GEOD-51907,Array Data
,E-GEOD-51286,Array Data
,E-GEOD-50572,Array Data
,E-GEOD-51044,Array Data
,E-GEOD-39324,Array Data
,E-GEOD-42193,Array Data,SuperSeries
,E-GEOD-42160,Array Data
,E-GEOD-42158,Array Data
,E-GEOD-40571,Array Data,SuperSeries
,E-GEOD-40570,Array Data
,E-GEOD-40533,Array Data
,E-GEOD-31048,Array Data
,E-GEOD-48268,Array Data
,E-GEOD-48258,Array Data
,E-MTAB-1131,Array Data
,E-GEOD-42977,Array Data
,E-GEOD-45328,Array Data
,E-GEOD-44864,Array Data
,E-GEOD-37430,Array Data
,E-GEOD-37168,Array Data
,E-GEOD-44247,Array Data
,E-GEOD-35179,Array Data
,E-GEOD-39411,Array Data
,E-GEOD-21838,Array Data
,E-GEOD-42733,Array Data
,E-GEOD-33135,Array Data
,E-GEOD-35935,Array Data
,E-GEOD-29678,Array Data
,E-GEOD-23647,Array Data
,E-GEOD-38618,Array Data,SuperSeries
,E-GEOD-38611,Array Data
,E-GEOD-36907,Array Data
,E-GEOD-39671,Array Data
,E-GEOD-39189,Array Data
,E-GEOD-31599,Array Data
,E-GEOD-35171,Array Data
,E-GEOD-36139,Array Data,SuperSeries
,E-GEOD-36133,Array Data
,E-GEOD-30927,Array Data
,E-GEOD-28787,Array Data
,E-GEOD-32018,Array Data
,E-GEOD-25571,Array Data
,E-GEOD-22762,Array Data
,E-GEOD-30171,Array Data
,E-MTAB-683,Array Data
,E-GEOD-31360,Array Data
,E-GEOD-15390,Array Data
,E-GEOD-30896,Array Data
,E-GEOD-30107,Array Data,SuperSeries
,E-GEOD-30106,Array Data
,E-GEOD-29605,Array Data
,E-GEOD-27858,Array Data
,E-GEOD-26526,Array Data
,E-GEOD-28107,Array Data
,E-GEOD-26725,Array Data
,E-GEOD-23293,Array Data
,E-GEOD-15490,Array Data
,E-GEOD-20211,Array Data
,E-MEXP-2957,Array Data
,E-GEOD-21029,Array Data
,E-TABM-825,Array Data
,E-GEOD-16746,Array Data
,E-GEOD-22898,Array Data,SuperSeries
,E-GEOD-22529,Array Data
,E-GEOD-9327,Array Data
,E-TABM-973,Array Data
,E-GEOD-16455,Array Data
,E-MTAB-70,Array Data
,E-GEOD-19147,Array Data
,E-GEOD-10138,Array Data
,E-GEOD-10137,Array Data
,E-GEOD-10139,Array Data,SuperSeries
,E-TABM-763,Array Data
,E-TABM-762,Array Data
,E-GEOD-13159,Array Data
,E-TABM-696,Array Data,SuperSeries
,E-GEOD-14973,Array Data
,E-GEOD-18026,Array Data
,E-GEOD-14924,Array Data
,E-GEOD-12734,Array Data
,E-GEOD-4392,Array Data
,E-GEOD-15250,Array Data
,E-GEOD-13987,Array Data
,E-TABM-628,Array Data
,E-GEOD-13811,Array Data
,E-GEOD-11038,Array Data,SuperSeries
,E-GEOD-9992,Array Data
,E-MTAB-37,Array Data
,E-GEOD-9250,Array Data
,E-GEOD-8835,Array Data
,E-GEOD-4207,Array Data
,E-MEXP-1482,Array Data
,E-TABM-184,Array Data
,E-GEOD-6321,Array Data
,E-TABM-80,Array Data
,E-GEOD-2466,Array Data
,E-GEOD-2403,Array Data
,E-GEOD-6691,Array Data
,E-TABM-87,Array Data
,E-TABM-23,Array Data
,E-TABM-42,Array Data
,E-TABM-41,Array Data
,E-SMDB-1002,Array Data
,E-MEXP-227,Array Data
,
Chronic myeloid leukemia,E-GEOD-73185,Seq Data,SuperSeries
,E-GEOD-73155,Seq Data
,E-GEOD-73153,Seq Data
,E-GEOD-73152,Seq Data
,E-GEOD-73151,Seq Data
,E-GEOD-73150,Seq Data
,E-GEOD-73149,Seq Data
,E-GEOD-73148,Seq Data
,E-GEOD-69308,Seq Data
,E-GEOD-48059,Seq Data
,E-GEOD-46164,Seq Data
,E-GEOD-45137,Seq Data,SuperSeries
,E-GEOD-40705,Seq Data
,E-GEOD-36522,Seq Data
,E-GEOD-42146,Seq Data
,E-GEOD-34740,Seq Data
,E-GEOD-35587,Seq Data
,E-GEOD-34448,Seq Data
,E-GEOD-32931,Seq Data
,E-GEOD-27221,Seq Data
,E-GEOD-26284,Seq Data,SuperSeries
,E-GEOD-24565,Seq Data
,E-GEOD-23316,Seq Data
,E-GEOD-19812,Seq Data
,E-MTAB-3732,Array Data
,E-GEOD-67936,Array Data
,E-GEOD-61312,Array Data
,E-GEOD-68950,Array Data
,E-GEOD-68936,Array Data
,E-GEOD-54262,Array Data
,E-GEOD-57470,Array Data
,E-GEOD-58613,Array Data
,E-GEOD-52087,Array Data
,E-GEOD-48294,Array Data
,E-GEOD-57083,Array Data
,E-MTAB-2508,Array Data
,E-GEOD-40721,Array Data
,E-GEOD-56465,Array Data
,E-GEOD-33075,Array Data
,E-GEOD-33537,Array Data
,E-GEOD-41375,Array Data
,E-GEOD-49067,Array Data
,E-GEOD-51083,Array Data
,E-GEOD-47927,Array Data
,E-GEOD-48848,Array Data
,E-GEOD-33290,Array Data,SuperSeries
,E-GEOD-33288,Array Data
,E-GEOD-33224,Array Data
,E-GEOD-49184,Array Data
,E-GEOD-45137,Array Data,SuperSeries
,E-GEOD-39287,Array Data
,E-GEOD-46928,Array Data
,E-GEOD-43754,Array Data
,E-GEOD-45878,Array Data
,E-GEOD-38865,Array Data
,E-MIMR-17,Array Data
,E-GEOD-43225,Array Data
,E-GEOD-38798,Array Data
,E-MEXP-3431,Array Data
,E-GEOD-37982,Array Data
,E-GEOD-36139,Array Data,SuperSeries
,E-GEOD-36133,Array Data
,E-GEOD-26821,Array Data
,E-AFMX-5,Array Data
,E-GEOD-28825,Array Data
,E-GEOD-31625,Array Data
,E-GEOD-29936,Array Data
,E-GEOD-29288,Array Data
,E-GEOD-26260,Array Data
,E-GEOD-26672,Array Data
,E-GEOD-24946,Array Data
,E-MTAB-335,Array Data
,E-GEOD-19939,Array Data
,E-GEOD-24739,Array Data
,E-MTAB-62,Array Data
,E-GEOD-22821,Array Data
,E-GEOD-21499,Array Data
,E-GEOD-4609,Array Data
,E-GEOD-20876,Array Data
,E-GEOD-15811,Array Data
,E-GEOD-96,Array Data
,E-GEOD-19567,Array Data
,E-GEOD-11675,Array Data
,E-GEOD-14671,Array Data
,E-GEOD-17480,Array Data
,E-GEOD-19090,Array Data
,E-GEOD-18673,Array Data
,E-GEOD-13159,Array Data
,E-GEOD-16085,Array Data
,E-GEOD-17588,Array Data
,E-GEOD-7114,Array Data
,E-GEOD-11889,Array Data
,E-MEXP-862,Array Data
,E-GEOD-12211,Array Data
,E-MEXP-1570,Array Data
,E-MTAB-37,Array Data
,E-GEOD-8832,Array Data
,E-TABM-185,Array Data
,E-GEOD-5550,Array Data
,E-GEOD-2535,Array Data
,E-GEOD-1418,Array Data
,E-TABM-87,Array Data
,E-MEXP-296,Array Data
,E-MEXP-480,Array Data
,E-MEXP-433,Array Data
,E-MEXP-388,Array Data
,E-MEXP-91,Array Data
,E-MEXP-21,Array Data
,
Chronic myelomonocytic leukemia,E-GEOD-61163,Seq Data,SuperSeries
,E-GEOD-61162,Seq Data
,E-MTAB-1044,Array Data,SuperSeries
,E-GEOD-16625,Array Data
,
Clear cell renal cell carcinoma,E-GEOD-73121,Seq Data
,E-GEOD-66741,Seq Data
,E-GEOD-67237,Seq Data
,E-MTAB-3033,Seq Data
,E-MTAB-1936,Seq Data
,E-GEOD-24952,Seq Data,SuperSeries
,E-GEOD-37616,Seq Data
,E-GEOD-72304,Array Data
,E-MTAB-3732,Array Data
,E-GEOD-59264,Array Data
,E-GEOD-65615,Array Data
,E-GEOD-68950,Array Data
,E-GEOD-68784,Array Data
,E-GEOD-68606,Array Data
,E-GEOD-61763,Array Data
,E-MTAB-3267,Array Data
,E-GEOD-50053,Array Data
,E-GEOD-49594,Array Data
,E-GEOD-54709,Array Data
,E-MTAB-1805,Array Data
,E-GEOD-40914,Array Data,SuperSeries
,E-GEOD-40912,Array Data
,E-GEOD-40911,Array Data
,E-MTAB-1802,Array Data
,E-GEOD-46699,Array Data
,E-GEOD-53000,Array Data
,E-GEOD-53757,Array Data
,E-GEOD-52708,Array Data
,E-GEOD-33916,Array Data
,E-MTAB-1980,Array Data
,E-GEOD-47582,Array Data
,E-GEOD-47032,Array Data
,E-GEOD-25493,Array Data
,E-GEOD-48433,Array Data
,E-GEOD-40435,Array Data
,E-GEOD-47352,Array Data
,E-GEOD-47106,Array Data
,E-GEOD-37989,Array Data
,E-GEOD-35417,Array Data
,E-GEOD-32299,Array Data,SuperSeries
,E-GEOD-32298,Array Data
,E-GEOD-32297,Array Data
,E-GEOD-32295,Array Data
,E-GEOD-34985,Array Data,SuperSeries
,E-GEOD-34981,Array Data
,E-GEOD-41485,Array Data
,E-GEOD-41137,Array Data
,E-GEOD-39440,Array Data
,E-GEOD-19949,Array Data
,E-GEOD-39364,Array Data
,E-GEOD-36139,Array Data,SuperSeries
,E-GEOD-36133,Array Data
,E-GEOD-27415,Array Data
,E-GEOD-33093,Array Data
,E-GEOD-29159,Array Data
,E-GEOD-16441,Array Data
,E-MTAB-327,Array Data
,E-GEOD-17746,Array Data
,E-MTAB-62,Array Data
,E-GEOD-23085,Array Data
,E-GEOD-22256,Array Data
,E-GEOD-17895,Array Data,SuperSeries
,E-GEOD-17818,Array Data
,E-GEOD-14994,Array Data
,E-GEOD-17816,Array Data
,E-TABM-770,Array Data
,E-GEOD-14762,Array Data
,E-GEOD-13818,Array Data
,E-GEOD-11904,Array Data
,E-GEOD-11072,Array Data
,E-GEOD-6344,Array Data
,E-TABM-282,Array Data
,E-TABM-185,Array Data
,E-MEXP-113,Array Data
,E-GEOD-781,Array Data
,
Clostridium difficile,E-GEOD-29008,Array Data
,E-GEOD-18407,Array Data
,
Cluster headache,E-MTAB-631,Array Data

Cockayne syndrome,E-GEOD-55534,Seq Data
,E-GEOD-48678,Seq Data
,E-GEOD-57923,Array Data
,E-GEOD-56049,Array Data
,E-GEOD-36648,Array Data
,E-MTAB-62,Array Data
,E-GEOD-8939,Array Data
,E-TABM-185,Array Data
,E-GEOD-3407,Array Data
,
Coffin-Lowry syndrome,E-GEOD-36842,Array Data

Coffin-Siris syndrome,E-GEOD-51448,Array Data
,E-GEOD-49287,Array Data,SuperSeries
,E-GEOD-49285,Array Data
,E-GEOD-32552,Array Data
,E-GEOD-19141,Array Data
,E-MTAB-57,Array Data
,E-GEOD-3204,Array Data
,
Collecting duct carcinoma,E-GEOD-57671,Array Data

Common variable immunodeficiency,E-GEOD-72625,Array Data
,E-GEOD-51406,Array Data,SuperSeries
,E-GEOD-51405,Array Data
,E-GEOD-51404,Array Data
,E-GEOD-23934,Array Data,SuperSeries
,E-GEOD-23933,Array Data
,E-MTAB-62,Array Data
,E-GEOD-13917,Array Data
,E-GEOD-17269,Array Data
,E-TABM-185,Array Data
,E-MEXP-76,Array Data
,
Compartment syndrome,E-GEOD-21497,Array Data

Complex regional pain syndrome,E-GEOD-47603,Array Data

Congenital bilateral absence of the vas deferens,E-MEXP-1019,Array Data

Congenital cytomegalovirus,E-MEXP-3473,Array Data
,E-GEOD-11964,Array Data
,
Congenital disorder of glycosylation type 1C,E-GEOD-8440,Array Data

Congenital disorder of glycosylation type 1G,E-GEOD-8440,Array Data

Congenital disorders of glycosylation,E-GEOD-27349,Array Data
,E-GEOD-8440,Array Data
,
Congenital dyserythropoietic anemia,E-GEOD-60514,Seq Data

Congenital hypothyroidism,E-GEOD-16804,Array Data

Congenital mesoblastic nephroma,E-GEOD-30946,Array Data

Congenital Muscular dystrophy,E-GEOD-64655,Seq Data
E-GEOD-43698,Array Data
,E-GEOD-54480,Array Data
,E-GEOD-52344,Array Data
,E-GEOD-56744,Array Data
,E-GEOD-44722,Array Data,SuperSeries
,E-GEOD-46923,Array Data,SuperSeries
,E-GEOD-46913,Array Data
,E-GEOD-26438,Array Data
,E-GEOD-15075,Array Data
,E-GEOD-15036,Array Data
,E-GEOD-32023,Array Data
,E-GEOD-42058,Array Data
,E-GEOD-34884,Array Data
,E-GEOD-36476,Array Data
,E-GEOD-32648,Array Data
,E-GEOD-32400,Array Data
,E-GEOD-29619,Array Data,SuperSeries
,E-GEOD-29618,Array Data
,E-GEOD-29944,Array Data
,
Congenital myotonic dystrophy,E-GEOD-24109,Array Data

Conn's syndrome,E-GEOD-64957,Array Data
,E-GEOD-33371,Array Data
,E-GEOD-10927,Array Data
,E-GEOD-8514,Array Data
,
Conotruncal anomaly face syndrome,E-GEOD-34120,Array Data

Cornelia de Lange syndrome,E-MTAB-3732,Array Data
,E-GEOD-64034,Array Data
,E-GEOD-12408,Array Data
,
Corticobasal degeneration,E-GEOD-6613,Array Data

Costello syndrome,E-GEOD-64194,Array Data
,E-GEOD-7345,Array Data
,
Craniopharyngioma,E-GEOD-68015,Array Data

Craniosynostosis,E-GEOD-65778,Seq Data
,E-GEOD-55282,Seq Data
,E-GEOD-40291,Seq Data
,E-GEOD-35197,Seq Data
,E-GEOD-72870,Array Data
,E-GEOD-72869,Array Data
,E-GEOD-61302,Array Data
,E-MTAB-3732,Array Data
,E-MTAB-2768,Array Data
,E-GEOD-61145,Array Data,SuperSeries
,E-GEOD-61144,Array Data
,E-GEOD-60993,Array Data
,E-GEOD-65986,Array Data
,E-GEOD-61983,Array Data
,E-GEOD-62397,Array Data
,E-GEOD-59488,Array Data
,E-GEOD-55851,Array Data
,E-GEOD-54977,Array Data
,E-GEOD-50758,Array Data
,E-GEOD-50796,Array Data
,E-GEOD-27976,Array Data
,E-GEOD-29332,Array Data
,E-GEOD-29312,Array Data
,E-GEOD-19339,Array Data
,E-GEOD-33140,Array Data
,E-GEOD-29111,Array Data
,E-GEOD-20750,Array Data
,E-MEXP-2000,Array Data
,E-MEXP-2276,Array Data
,E-GEOD-18931,Array Data
,E-GEOD-17619,Array Data
,E-GEOD-17433,Array Data
,E-MEXP-2236,Array Data
,E-GEOD-1849,Array Data
,
