FPIES Foundation	http://rarediseases.org/organizations/fpies-foundation/
Larsen Syndrome Resource Center	http://rarediseases.org/organizations/larsen-syndrome-resource-center/
Lipoprotein A Foundation	http://rarediseases.org/organizations/lipoprotein-a-foundation/
Parent to Parent New Zealand, Inc.	http://rarediseases.org/organizations/parent-parent-new-zealand-inc/
Consortium of Multiple Sclerosis Centers	http://rarediseases.org/organizations/consortium-multiple-sclerosis-centers/
Canadian PBC Society	http://rarediseases.org/organizations/canadian-pbc-society/
Sanfilippo Children’s Foundation	http://rarediseases.org/organizations/sanfilippo-childrens-foundation/
Evans Syndrome Foundation	http://rarediseases.org/organizations/evans-syndrome-foundation/
Imerman Angels One-on-One Cancer Support	http://rarediseases.org/organizations/imerman-angels-one-one-cancer-support/
PCD Foundation	http://rarediseases.org/organizations/pcd-foundation/
Canadian CMTC Foundation	http://rarediseases.org/organizations/canadian-cmtc-foundation/
RYR-1 Foundation	http://rarediseases.org/organizations/ryr-1-foundation/
Chloe’s Fight Rare Disease Foundation	http://rarediseases.org/organizations/chloes-fight-rare-disease-foundation/
Sitosterolemia Foundation	http://rarediseases.org/organizations/sitosterolemia-foundation/
The Transverse Myelitis Association	http://rarediseases.org/organizations/transverse-myelitis-association-2/
Autoimmune Encephalitis Alliance	http://rarediseases.org/organizations/autoimmune-encephalitis-alliance/
Spinal CSF Leak Foundation	http://rarediseases.org/organizations/spinal-csf-leak-foundation/
National Health Council	http://rarediseases.org/organizations/national-health-council/
Charlotte & Gwenyth Gray Foundation to Cure Batten Disease	http://rarediseases.org/organizations/charlotte-gwenyth-gray-foundation-cure-batten/
Mitochondrial Medicine Society	http://rarediseases.org/organizations/mitochondrial-medicine-society/
NGLY1 Foundation	http://rarediseases.org/organizations/ngly1-foundation/
The Myelin Project	http://rarediseases.org/organizations/the-myelin-project/
International Society for Cutaneous Lymphomas	http://rarediseases.org/organizations/international-society-for-cutaneous-lymphomas/
STXBP-1 Fund	http://rarediseases.org/organizations/stxbp-1-fund/
KCNQ2 CURE Alliance	http://rarediseases.org/organizations/kcnq2-cure-alliance/
Bohring-Opitz Syndrome Foundation, Inc.	http://rarediseases.org/organizations/bohring-opitz-syndrome-foundation-inc/
NICER Foundation	http://rarediseases.org/organizations/nicer-foundation/
Rare & Undiagnosed Network	http://rarediseases.org/organizations/rare-undiagnosed-network/
OMSLife Foundation	http://rarediseases.org/organizations/omslife-foundation/
Curing Retinal Blindness Foundation	http://rarediseases.org/organizations/curing-retinal-blindness-foundation/
Autoimmune Hepatitis Association	http://rarediseases.org/organizations/autoimmune-hepatitis-association/
Portuguese Association for CDG	http://rarediseases.org/organizations/portuguese-association-for-cdg/
Pachyonychia Congenita Project	http://rarediseases.org/organizations/pachyonychia-congenita-project/
Mowat-Wilson Syndrome Foundation	http://rarediseases.org/organizations/mowat-wilson-syndrome-foundation/
Fibrolamellar Cancer Foundation (FCP)	http://rarediseases.org/organizations/fibrolamellar-cancer-foundation-fcp/
MTM-CNM Family Connection, Inc.	http://rarediseases.org/organizations/mtm-cnm-family-connection-inc/
ZNM- Zusammen Stark! e. V.	http://rarediseases.org/organizations/znm-zusammen-stark-e-v/
A Twist of Fate-ATS	http://rarediseases.org/organizations/a-twist-of-fate-ats/
Sweet’s Syndrome UK	http://rarediseases.org/organizations/sweets-syndrome-uk/
Bartter Syndrome Foundation	http://rarediseases.org/organizations/bartter-syndrome-foundation/
